<?xml version = '1.0' encoding = 'UTF-8'?>
<relationalModel class="oracle.dbtools.crest.model.design.relational.RelationalDesign" name="Relational_1" id="0560349E-6AEE-446D-6FEB-940C56FB4535" mainViewID="D28FC722-7DAE-62FA-AF96-504832930934">
<createdBy>adrianpisabarrogarcia</createdBy>
<createdTime>2019-12-03 11:07:35 UTC</createdTime>
<ownerDesignName>MER</ownerDesignName>
<shouldBeOpen>false</shouldBeOpen>
<selectedRDBMSSite>32076570-2523-435C-2E92-BF29817DFF70</selectedRDBMSSite>
</relationalModel>