<?xml version = '1.0' encoding = 'UTF-8'?>
<Diagram class="oracle.dbtools.crest.swingui.logical.DPVLogical" name="Logical" id="F0AB2ECF-120C-4647-C734-8C8719C53689">
<createdBy>adrianpisabarrogarcia</createdBy>
<modifiedBy>adrianpisabarrogarcia</modifiedBy>
<createdTime>2019-12-03 11:07:40 UTC</createdTime>
<autoRoute>false</autoRoute>
<boxInbox>true</boxInbox>
<showLegend>false</showLegend>
<showLabels>true</showLabels>
<showRelAttributes>true</showRelAttributes>
<gridEnabled>false</gridEnabled>
<showGrid>false</showGrid>
<diagramColor>-1</diagramColor>
<display>false</display>
<notation>1</notation>
<showClassificationTypes>true</showClassificationTypes>
<objectViews>
<OView class="oracle.dbtools.crest.swingui.logical.TVEntity" oid="47F0B700-A797-3E75-ACC1-22F64D5A5FBD" otype="Entity" vid="29278A39-8573-CBB6-AFF8-CF2046399605">
<hideElementsInCurrentOnly>false</hideElementsInCurrentOnly>
<bounds x="660" y="441" width="141" height="94"/>
</OView>
<OView class="oracle.dbtools.crest.swingui.logical.TVEntity" oid="4BBC67B1-B99F-E0CC-8992-F0780B669628" otype="Entity" vid="40304C9A-847A-D0D6-123E-EE79F12ED1E0">
<hideElementsInCurrentOnly>false</hideElementsInCurrentOnly>
<bounds x="299" y="409" width="175" height="126"/>
</OView>
<OView class="oracle.dbtools.crest.swingui.logical.TVEntity" oid="4CF0999E-8E45-426E-B09C-A14072F1DA92" otype="Entity" vid="8704503E-57F5-5708-B161-FC8C3E7A7AA0">
<hideElementsInCurrentOnly>false</hideElementsInCurrentOnly>
<bounds x="600" y="51" width="175" height="263"/>
</OView>
<OView class="oracle.dbtools.crest.swingui.TVNote" oid="6772CCEA-41F0-ED33-F9F6-A8AD131A7CC8" otype="Note" vid="DFE9CDAE-4C79-2C65-8687-ACFC1E5F27D1">
<hideElementsInCurrentOnly>false</hideElementsInCurrentOnly>
<bounds x="141" y="552" width="210" height="92"/>
<comment>- Iván Villagra
- Naia Ibañez de Garaio
- Joel Encinas
- Víctor Saiz
- Adrián Pisabarro</comment>
</OView>
<OView class="oracle.dbtools.crest.swingui.logical.TVEntity" oid="6C7BC49A-A199-7D45-984E-47EAF043263D" otype="Entity" vid="36B696AC-5BFE-CED1-F334-EA21DF9E4023">
<hideElementsInCurrentOnly>false</hideElementsInCurrentOnly>
<bounds x="910" y="263" width="159" height="81"/>
</OView>
<OView class="oracle.dbtools.crest.swingui.logical.TVEntity" oid="6FC9ECED-0684-7C77-1DEF-54987E56FB0B" otype="Entity" vid="14364287-17C3-8AC4-862B-284800A0900E">
<hideElementsInCurrentOnly>false</hideElementsInCurrentOnly>
<bounds x="37" y="248" width="172" height="73"/>
</OView>
<OView class="oracle.dbtools.crest.swingui.logical.TVEntity" oid="9C9C5E52-1CC8-D9B5-D520-4C380F5FCF25" otype="Entity" vid="EFD0DB3A-59E3-6558-07D5-ECBF7AFF0567">
<hideElementsInCurrentOnly>false</hideElementsInCurrentOnly>
<bounds x="102" y="33" width="155" height="166"/>
</OView>
<OView class="oracle.dbtools.crest.swingui.logical.TVEntity" oid="C49A07BD-A30A-01EB-23F3-C2787E6F2892" otype="Entity" vid="2AF43611-19D4-D3B7-7F0E-9F34174A3952">
<hideElementsInCurrentOnly>false</hideElementsInCurrentOnly>
<bounds x="898" y="50" width="180" height="133"/>
</OView>
<OView class="oracle.dbtools.crest.swingui.logical.TVEntity" oid="D20322D3-1FFB-21F0-D0EC-B79066A48D78" otype="Entity" vid="BC67EA66-81A2-158B-EB46-402D612503CE">
<hideElementsInCurrentOnly>false</hideElementsInCurrentOnly>
<bounds x="314" y="193" width="146" height="96"/>
</OView>
<OView class="oracle.dbtools.crest.swingui.logical.TVEntity" oid="E157AF65-CA7B-0E99-474C-5B0BDDF6E4CF" otype="Entity" vid="4B0F5C22-13EA-A0F1-6B06-40854E96CBDC">
<hideElementsInCurrentOnly>false</hideElementsInCurrentOnly>
<bounds x="661" y="570" width="140" height="51"/>
</OView>
<OView class="oracle.dbtools.crest.swingui.logical.TVEntity" oid="E6768642-BE88-9517-15C6-9D9C317F8083" otype="Entity" vid="3E22EE27-DC54-61BB-DE8C-31EB231BC948">
<hideElementsInCurrentOnly>false</hideElementsInCurrentOnly>
<bounds x="906" y="431" width="132" height="94"/>
</OView>
</objectViews>
<connectors>
<Connector class="oracle.dbtools.crest.swingui.logical.TVRelation" oid="04BCC919-3BE3-CA9D-E51B-028259429F27" otype="Relation" vid_source="40304C9A-847A-D0D6-123E-EE79F12ED1E0" vid_target="29278A39-8573-CBB6-AFF8-CF2046399605">
<hideElementsInCurrentOnly>false</hideElementsInCurrentOnly>
<backgroundColor>-16777216</backgroundColor>
<lineWidth>1</lineWidth>
<sourceLabel class="oracle.dbtools.crest.model.design.Label">
<site>0</site>
<labelBounds x="484" y="458" width="60" height="30"/>
<noBackgroundColor>true</noBackgroundColor>
<noForegroundColor>true</noForegroundColor>
</sourceLabel>
<points>
<point x="474" y="488"/>
<point x="660" y="488"/>
</points>
</Connector>
<Connector class="oracle.dbtools.crest.swingui.logical.TVRelation" oid="1B3E1EA1-9E7D-226D-AD03-45620ED7CFA5" otype="Relation" vid_source="40304C9A-847A-D0D6-123E-EE79F12ED1E0" vid_target="BC67EA66-81A2-158B-EB46-402D612503CE">
<hideElementsInCurrentOnly>false</hideElementsInCurrentOnly>
<backgroundColor>-16777216</backgroundColor>
<lineWidth>1</lineWidth>
<sourceLabel class="oracle.dbtools.crest.model.design.Label">
<site>0</site>
<labelBounds x="387" y="357" width="53" height="30"/>
<noBackgroundColor>true</noBackgroundColor>
<noForegroundColor>true</noForegroundColor>
</sourceLabel>
<points>
<point x="387" y="409"/>
<point x="387" y="289"/>
</points>
</Connector>
<Connector class="oracle.dbtools.crest.swingui.logical.TVRelation" oid="1FFF3201-6333-24A6-0FDD-D31C5E57F2BE" otype="Relation" vid_source="29278A39-8573-CBB6-AFF8-CF2046399605" vid_target="4B0F5C22-13EA-A0F1-6B06-40854E96CBDC">
<hideElementsInCurrentOnly>false</hideElementsInCurrentOnly>
<backgroundColor>-16777216</backgroundColor>
<lineWidth>1</lineWidth>
<sourceLabel class="oracle.dbtools.crest.model.design.Label">
<site>0</site>
<labelBounds x="731" y="577" width="64" height="36"/>
<noBackgroundColor>true</noBackgroundColor>
<noForegroundColor>true</noForegroundColor>
</sourceLabel>
<points>
<point x="731" y="535"/>
<point x="731" y="570"/>
</points>
</Connector>
<Connector class="oracle.dbtools.crest.swingui.logical.TVRelation" oid="20FC750B-6AD8-143F-9D25-01597B5E11CE" otype="Relation" vid_source="29278A39-8573-CBB6-AFF8-CF2046399605" vid_target="3E22EE27-DC54-61BB-DE8C-31EB231BC948">
<hideElementsInCurrentOnly>false</hideElementsInCurrentOnly>
<backgroundColor>-16777216</backgroundColor>
<lineWidth>1</lineWidth>
<sourceLabel class="oracle.dbtools.crest.model.design.Label">
<site>0</site>
<labelBounds x="811" y="453" width="58" height="30"/>
<noBackgroundColor>true</noBackgroundColor>
<noForegroundColor>true</noForegroundColor>
</sourceLabel>
<points>
<point x="801" y="483"/>
<point x="906" y="483"/>
</points>
</Connector>
<Connector class="oracle.dbtools.crest.swingui.logical.TVRelation" oid="28CA7231-654A-762D-4ECD-B436699DF9DF" otype="Relation" vid_source="40304C9A-847A-D0D6-123E-EE79F12ED1E0" vid_target="8704503E-57F5-5708-B161-FC8C3E7A7AA0">
<hideElementsInCurrentOnly>false</hideElementsInCurrentOnly>
<backgroundColor>-16777216</backgroundColor>
<lineWidth>1</lineWidth>
<sourceLabel class="oracle.dbtools.crest.model.design.Label">
<site>0</site>
<labelBounds x="452" y="373" width="58" height="30"/>
<noBackgroundColor>true</noBackgroundColor>
<noForegroundColor>true</noForegroundColor>
</sourceLabel>
<points>
<point x="452" y="409"/>
<point x="600" y="266"/>
</points>
</Connector>
<Connector class="oracle.dbtools.crest.swingui.logical.TVRelation" oid="3DB3AEFA-F548-F9E7-C0DC-CF179CCEC709" otype="Relation" vid_source="2AF43611-19D4-D3B7-7F0E-9F34174A3952" vid_target="36B696AC-5BFE-CED1-F334-EA21DF9E4023">
<hideElementsInCurrentOnly>false</hideElementsInCurrentOnly>
<backgroundColor>-16777216</backgroundColor>
<lineWidth>1</lineWidth>
<sourceLabel class="oracle.dbtools.crest.model.design.Label">
<site>0</site>
<labelBounds x="989" y="227" width="120" height="30"/>
<noBackgroundColor>true</noBackgroundColor>
<noForegroundColor>true</noForegroundColor>
</sourceLabel>
<points>
<point x="989" y="183"/>
<point x="989" y="263"/>
</points>
</Connector>
<Connector class="oracle.dbtools.crest.swingui.logical.TVRelation" oid="6E160403-BB29-D040-5524-5B9AC33593A3" otype="Relation" vid_source="40304C9A-847A-D0D6-123E-EE79F12ED1E0" vid_target="14364287-17C3-8AC4-862B-284800A0900E">
<hideElementsInCurrentOnly>false</hideElementsInCurrentOnly>
<backgroundColor>-16777216</backgroundColor>
<lineWidth>1</lineWidth>
<sourceLabel class="oracle.dbtools.crest.model.design.Label">
<site>0</site>
<labelBounds x="240" y="373" width="53" height="30"/>
<noBackgroundColor>true</noBackgroundColor>
<noForegroundColor>true</noForegroundColor>
</sourceLabel>
<points>
<point x="299" y="409"/>
<point x="174" y="321"/>
</points>
</Connector>
<Connector class="oracle.dbtools.crest.swingui.logical.TVRelation" oid="83A6673B-1E4B-0E80-A30A-77880B78636C" otype="Relation" vid_source="8704503E-57F5-5708-B161-FC8C3E7A7AA0" vid_target="36B696AC-5BFE-CED1-F334-EA21DF9E4023">
<hideElementsInCurrentOnly>false</hideElementsInCurrentOnly>
<backgroundColor>-16777216</backgroundColor>
<lineWidth>1</lineWidth>
<sourceLabel class="oracle.dbtools.crest.model.design.Label">
<site>0</site>
<labelBounds x="785" y="269" width="71" height="30"/>
<noBackgroundColor>true</noBackgroundColor>
<noForegroundColor>true</noForegroundColor>
</sourceLabel>
<points>
<point x="775" y="299"/>
<point x="910" y="299"/>
</points>
</Connector>
<Connector class="oracle.dbtools.crest.swingui.logical.TVRelation" oid="D3B9C83F-F962-D14F-3008-2B28D5899718" otype="Relation" vid_source="8704503E-57F5-5708-B161-FC8C3E7A7AA0" vid_target="2AF43611-19D4-D3B7-7F0E-9F34174A3952">
<hideElementsInCurrentOnly>false</hideElementsInCurrentOnly>
<backgroundColor>-16777216</backgroundColor>
<lineWidth>1</lineWidth>
<sourceLabel class="oracle.dbtools.crest.model.design.Label">
<site>0</site>
<labelBounds x="785" y="87" width="114" height="30"/>
<noBackgroundColor>true</noBackgroundColor>
<noForegroundColor>true</noForegroundColor>
</sourceLabel>
<points>
<point x="775" y="117"/>
<point x="898" y="117"/>
</points>
</Connector>
<Connector class="oracle.dbtools.crest.swingui.logical.TVRelation" oid="D71D146B-3732-8BB6-A87E-4ECAD1ED762D" otype="Relation" vid_source="8704503E-57F5-5708-B161-FC8C3E7A7AA0" vid_target="BC67EA66-81A2-158B-EB46-402D612503CE">
<hideElementsInCurrentOnly>false</hideElementsInCurrentOnly>
<backgroundColor>-16777216</backgroundColor>
<lineWidth>1</lineWidth>
<sourceLabel class="oracle.dbtools.crest.model.design.Label">
<site>0</site>
<labelBounds x="479" y="211" width="115" height="30"/>
<noBackgroundColor>true</noBackgroundColor>
<noForegroundColor>true</noForegroundColor>
</sourceLabel>
<points>
<point x="600" y="241"/>
<point x="460" y="241"/>
</points>
</Connector>
<Connector class="oracle.dbtools.crest.swingui.logical.TVRelation" oid="E7DF4B9A-4045-24BF-6EB6-B1175786BDD8" otype="Relation" vid_source="EFD0DB3A-59E3-6558-07D5-ECBF7AFF0567" vid_target="8704503E-57F5-5708-B161-FC8C3E7A7AA0">
<hideElementsInCurrentOnly>false</hideElementsInCurrentOnly>
<backgroundColor>-16777216</backgroundColor>
<lineWidth>1</lineWidth>
<sourceLabel class="oracle.dbtools.crest.model.design.Label">
<site>0</site>
<labelBounds x="267" y="110" width="44" height="30"/>
<noBackgroundColor>true</noBackgroundColor>
<noForegroundColor>true</noForegroundColor>
</sourceLabel>
<points>
<point x="257" y="140"/>
<point x="600" y="140"/>
</points>
</Connector>
<Connector class="oracle.dbtools.crest.swingui.logical.TVRelation" oid="FFB12CAE-CEA8-1315-0985-AFF23C760B7C" otype="Relation" vid_source="BC67EA66-81A2-158B-EB46-402D612503CE" vid_target="29278A39-8573-CBB6-AFF8-CF2046399605">
<hideElementsInCurrentOnly>false</hideElementsInCurrentOnly>
<backgroundColor>-16777216</backgroundColor>
<lineWidth>1</lineWidth>
<sourceLabel class="oracle.dbtools.crest.model.design.Label">
<site>0</site>
<labelBounds x="453" y="315" width="56" height="20"/>
<noBackgroundColor>true</noBackgroundColor>
<noForegroundColor>true</noForegroundColor>
</sourceLabel>
<points>
<point x="453" y="289"/>
<point x="665" y="441"/>
</points>
</Connector>
</connectors>
</Diagram>