<?xml version = '1.0' encoding = 'UTF-8'?>
<Relation class="oracle.dbtools.crest.model.design.logical.Relation" name="REALIZAR" directorySegmentName="seg_0" id="04BCC919-3BE3-CA9D-E51B-028259429F27">
<createdBy>adrianpisabarrogarcia</createdBy>
<createdTime>2019-12-09 09:53:16 UTC</createdTime>
<ownerDesignName>MER</ownerDesignName>
<engineerTo>
<item key="0560349E-6AEE-446D-6FEB-940C56FB4535" value="true"/>
</engineerTo>
<identifying>false</identifying>
<nameOnSource>REALIZAR</nameOnSource>
<optionalSource>false</optionalSource>
<optionalTarget>false</optionalTarget>
<sourceCardinality>*</sourceCardinality>
<sourceEntity>4BBC67B1-B99F-E0CC-8992-F0780B669628</sourceEntity>
<targetCardinalityString>*</targetCardinalityString>
<targetEntity>47F0B700-A797-3E75-ACC1-22F64D5A5FBD</targetEntity>
<transferable>true</transferable>
<deleteRule>NO ACTION</deleteRule>
</Relation>
