<?xml version = '1.0' encoding = 'UTF-8'?>
<Relation class="oracle.dbtools.crest.model.design.logical.Relation" name="ORDENAR" directorySegmentName="seg_0" id="1B3E1EA1-9E7D-226D-AD03-45620ED7CFA5">
<createdBy>adrianpisabarrogarcia</createdBy>
<createdTime>2019-12-05 12:30:53 UTC</createdTime>
<ownerDesignName>MER</ownerDesignName>
<engineerTo>
<item key="0560349E-6AEE-446D-6FEB-940C56FB4535" value="true"/>
</engineerTo>
<sourcePk>121C84B8-6177-D2FA-CF90-19637F342AC1</sourcePk>
<identifying>false</identifying>
<nameOnSource>ORDENAR</nameOnSource>
<optionalSource>false</optionalSource>
<optionalTarget>false</optionalTarget>
<sourceCardinality>*</sourceCardinality>
<sourceEntity>4BBC67B1-B99F-E0CC-8992-F0780B669628</sourceEntity>
<targetCardinalityString>*</targetCardinalityString>
<targetEntity>D20322D3-1FFB-21F0-D0EC-B79066A48D78</targetEntity>
<transferable>true</transferable>
<deleteRule>NO ACTION</deleteRule>
</Relation>