<?xml version = '1.0' encoding = 'UTF-8'?>
<Relation class="oracle.dbtools.crest.model.design.logical.Relation" name="AUTORIZAR" directorySegmentName="seg_0" id="83A6673B-1E4B-0E80-A30A-77880B78636C">
<createdBy>adrianpisabarrogarcia</createdBy>
<createdTime>2019-12-05 11:57:07 UTC</createdTime>
<ownerDesignName>MER</ownerDesignName>
<engineerTo>
<item key="0560349E-6AEE-446D-6FEB-940C56FB4535" value="true"/>
</engineerTo>
<sourcePk>DA1B5727-7A38-670F-DC66-E7ABFD79DB83</sourcePk>
<identifying>false</identifying>
<nameOnSource>AUTORIZAR</nameOnSource>
<optionalSource>false</optionalSource>
<optionalTarget>false</optionalTarget>
<sourceCardinality>1</sourceCardinality>
<sourceEntity>4CF0999E-8E45-426E-B09C-A14072F1DA92</sourceEntity>
<targetCardinalityString>*</targetCardinalityString>
<targetEntity>6C7BC49A-A199-7D45-984E-47EAF043263D</targetEntity>
<transferable>true</transferable>
<deleteRule>NO ACTION</deleteRule>
</Relation>