<?xml version = '1.0' encoding = 'UTF-8'?>
<Relation class="oracle.dbtools.crest.model.design.logical.Relation" name="ORDENAR_VEHICULO" directorySegmentName="seg_0" id="D71D146B-3732-8BB6-A87E-4ECAD1ED762D">
<createdBy>adrianpisabarrogarcia</createdBy>
<createdTime>2019-12-05 11:57:38 UTC</createdTime>
<ownerDesignName>MER</ownerDesignName>
<engineerTo>
<item key="0560349E-6AEE-446D-6FEB-940C56FB4535" value="true"/>
</engineerTo>
<sourcePk>DA1B5727-7A38-670F-DC66-E7ABFD79DB83</sourcePk>
<identifying>false</identifying>
<nameOnSource>ORDENAR_VEHICULO</nameOnSource>
<optionalSource>false</optionalSource>
<optionalTarget>false</optionalTarget>
<sourceCardinality>1</sourceCardinality>
<sourceEntity>4CF0999E-8E45-426E-B09C-A14072F1DA92</sourceEntity>
<targetCardinalityString>*</targetCardinalityString>
<targetEntity>D20322D3-1FFB-21F0-D0EC-B79066A48D78</targetEntity>
<transferable>true</transferable>
<deleteRule>NO ACTION</deleteRule>
</Relation>