<?xml version = '1.0' encoding = 'UTF-8'?>
<Entity class="oracle.dbtools.crest.model.design.logical.Entity" directorySegmentName="seg_0" id="4BBC67B1-B99F-E0CC-8992-F0780B669628" name="OPERARIO">
<createdBy>adrianpisabarrogarcia</createdBy>
<createdTime>2019-12-03 11:17:07 UTC</createdTime>
<ownerDesignName>MER</ownerDesignName>
<engineerTo>
<item key="0560349E-6AEE-446D-6FEB-940C56FB4535" value="true"/>
</engineerTo>
<adequatelyNormalized>NO</adequatelyNormalized>
<expectedVolumes>0</expectedVolumes>
<fwdEngineeringStrategyName>Single Table</fwdEngineeringStrategyName>
<growthPercent>0</growthPercent>
<growthType>Year</growthType>
<maxVolumes>9999999</maxVolumes>
<minVolumes>0</minVolumes>
<normalForm>Third</normalForm>
<attributes itemClass="oracle.dbtools.crest.model.design.logical.Attribute">
<Attribute name="COD_ESTUDIANTE" id="32A22DC3-34C8-6A73-A7B3-BD122E1FFB8E">
<createdBy>adrianpisabarrogarcia</createdBy>
<createdTime>2019-12-05 12:27:44 UTC</createdTime>
<ownerDesignName>MER</ownerDesignName>
<engineerTo>
<item key="0560349E-6AEE-446D-6FEB-940C56FB4535" value="true"/>
</engineerTo>
<useDomainConstraints>false</useDomainConstraints>
<use>1</use>
<ownDataTypeParameters>,,</ownDataTypeParameters>
</Attribute>
<Attribute name="NOMBRE" id="A556ABC0-B364-2E8E-CA99-03E347039D5A">
<createdBy>adrianpisabarrogarcia</createdBy>
<createdTime>2019-12-05 12:28:50 UTC</createdTime>
<ownerDesignName>MER</ownerDesignName>
<engineerTo>
<item key="0560349E-6AEE-446D-6FEB-940C56FB4535" value="true"/>
</engineerTo>
<useDomainConstraints>false</useDomainConstraints>
<use>1</use>
<logicalDatatype>LOGDT024</logicalDatatype>
<ownDataTypeParameters>,,</ownDataTypeParameters>
</Attribute>
<Attribute name="APELLIDO1" id="3EFDA6AA-C29A-E75E-CE08-239C195EF95E">
<createdBy>adrianpisabarrogarcia</createdBy>
<createdTime>2019-12-05 12:28:19 UTC</createdTime>
<ownerDesignName>MER</ownerDesignName>
<engineerTo>
<item key="0560349E-6AEE-446D-6FEB-940C56FB4535" value="true"/>
</engineerTo>
<useDomainConstraints>false</useDomainConstraints>
<use>1</use>
<logicalDatatype>LOGDT024</logicalDatatype>
<ownDataTypeParameters>,,</ownDataTypeParameters>
</Attribute>
<Attribute name="APELLIDO2" id="90C4F3BF-5410-AFA4-AACA-874B127CD4A4">
<createdBy>adrianpisabarrogarcia</createdBy>
<createdTime>2019-12-05 12:28:39 UTC</createdTime>
<ownerDesignName>MER</ownerDesignName>
<engineerTo>
<item key="0560349E-6AEE-446D-6FEB-940C56FB4535" value="true"/>
</engineerTo>
<nullsAllowed>true</nullsAllowed>
<useDomainConstraints>false</useDomainConstraints>
<use>1</use>
<logicalDatatype>LOGDT024</logicalDatatype>
<ownDataTypeParameters>,,</ownDataTypeParameters>
</Attribute>
<Attribute name="FECHA_MATRICULACION" id="CD5AA0B6-C5D5-1047-BBAA-D504C5D16CEB">
<createdBy>adrianpisabarrogarcia</createdBy>
<createdTime>2019-12-03 11:20:04 UTC</createdTime>
<ownerDesignName>MER</ownerDesignName>
<engineerTo>
<item key="0560349E-6AEE-446D-6FEB-940C56FB4535" value="true"/>
</engineerTo>
<useDomainConstraints>false</useDomainConstraints>
<use>1</use>
<logicalDatatype>LOGDT007</logicalDatatype>
<ownDataTypeParameters>,,</ownDataTypeParameters>
</Attribute>
<Attribute name="FECHA_FIN_MATRICULA" id="0C3B1632-361A-79F8-04F7-7F02D95E40F1">
<createdBy>adrianpisabarrogarcia</createdBy>
<createdTime>2019-12-03 11:20:23 UTC</createdTime>
<ownerDesignName>MER</ownerDesignName>
<engineerTo>
<item key="0560349E-6AEE-446D-6FEB-940C56FB4535" value="true"/>
</engineerTo>
<nullsAllowed>true</nullsAllowed>
<useDomainConstraints>false</useDomainConstraints>
<use>1</use>
<logicalDatatype>LOGDT007</logicalDatatype>
<ownDataTypeParameters>,,</ownDataTypeParameters>
</Attribute>
<Attribute name="EMAIL" id="642C48B7-301D-60BD-5CED-415885C139FB">
<createdBy>adrianpisabarrogarcia</createdBy>
<createdTime>2019-12-09 09:34:14 UTC</createdTime>
<ownerDesignName>MER</ownerDesignName>
<engineerTo>
<item key="0560349E-6AEE-446D-6FEB-940C56FB4535" value="true"/>
</engineerTo>
<useDomainConstraints>false</useDomainConstraints>
<use>1</use>
<logicalDatatype>LOGDT024</logicalDatatype>
<ownDataTypeParameters>,,</ownDataTypeParameters>
</Attribute>
</attributes>
<identifiers itemClass="oracle.dbtools.crest.model.design.logical.CandidateKey">
<identifier id="121C84B8-6177-D2FA-CF90-19637F342AC1" name="OPERARIOS PK">
<createdBy>adrianpisabarrogarcia</createdBy>
<createdTime>2019-12-03 11:17:47 UTC</createdTime>
<ownerDesignName>MER</ownerDesignName>
<engineerTo>
<item key="0560349E-6AEE-446D-6FEB-940C56FB4535" value="true"/>
</engineerTo>
<pk>true</pk>
<usedAttributes>
<attributeRef>32A22DC3-34C8-6A73-A7B3-BD122E1FFB8E</attributeRef>
</usedAttributes>
</identifier>
</identifiers>
</Entity>
