<?xml version = '1.0' encoding = 'UTF-8'?>
<Entity class="oracle.dbtools.crest.model.design.logical.Entity" directorySegmentName="seg_0" id="6C7BC49A-A199-7D45-984E-47EAF043263D" name="AUTORIZACION">
<createdBy>adrianpisabarrogarcia</createdBy>
<createdTime>2019-12-05 11:44:37 UTC</createdTime>
<ownerDesignName>MER</ownerDesignName>
<engineerTo>
<item key="0560349E-6AEE-446D-6FEB-940C56FB4535" value="true"/>
</engineerTo>
<adequatelyNormalized>NO</adequatelyNormalized>
<expectedVolumes>0</expectedVolumes>
<fwdEngineeringStrategyName>Single Table</fwdEngineeringStrategyName>
<growthPercent>0</growthPercent>
<growthType>Year</growthType>
<maxVolumes>9999999</maxVolumes>
<minVolumes>0</minVolumes>
<normalForm>Third</normalForm>
<attributes itemClass="oracle.dbtools.crest.model.design.logical.Attribute">
<Attribute name="COD_AUTORIZACION" id="C5FDF19E-DE30-8A6C-5163-8F6C646FAEAE">
<createdBy>adrianpisabarrogarcia</createdBy>
<createdTime>2019-12-05 11:44:42 UTC</createdTime>
<ownerDesignName>MER</ownerDesignName>
<engineerTo>
<item key="0560349E-6AEE-446D-6FEB-940C56FB4535" value="true"/>
</engineerTo>
<useDomainConstraints>false</useDomainConstraints>
<use>1</use>
<logicalDatatype>LOGDT019</logicalDatatype>
<ownDataTypeParameters>,,</ownDataTypeParameters>
</Attribute>
<Attribute name="IMAGEN" id="2ED87A89-DB40-1E34-3A55-038C92AC4AEC">
<createdBy>adrianpisabarrogarcia</createdBy>
<createdTime>2019-12-05 11:44:52 UTC</createdTime>
<ownerDesignName>MER</ownerDesignName>
<engineerTo>
<item key="0560349E-6AEE-446D-6FEB-940C56FB4535" value="true"/>
</engineerTo>
<useDomainConstraints>false</useDomainConstraints>
<use>1</use>
<logicalDatatype>LOGDT010</logicalDatatype>
<ownDataTypeParameters>,,</ownDataTypeParameters>
</Attribute>
<Attribute name="FECHA" id="0F4F8831-291B-4ECF-CCAF-7CEB43F1235C">
<createdBy>adrianpisabarrogarcia</createdBy>
<createdTime>2019-12-05 11:46:42 UTC</createdTime>
<ownerDesignName>MER</ownerDesignName>
<engineerTo>
<item key="0560349E-6AEE-446D-6FEB-940C56FB4535" value="true"/>
</engineerTo>
<useDomainConstraints>false</useDomainConstraints>
<use>1</use>
<logicalDatatype>LOGDT008</logicalDatatype>
<ownDataTypeParameters>,,</ownDataTypeParameters>
</Attribute>
<Attribute name="COD_VEHICULO" id="C25D33C5-600F-2CA6-6AD7-FDE979909EAA">
<createdBy>adrianpisabarrogarcia</createdBy>
<createdTime>2019-12-05 11:57:22 UTC</createdTime>
<generatorID>83A6673B-1E4B-0E80-A30A-77880B78636C</generatorID>
<ownerDesignName>MER</ownerDesignName>
<engineerTo>
<item key="0560349E-6AEE-446D-6FEB-940C56FB4535" value="true"/>
</engineerTo>
<referedAttribute>6B78A458-CAEE-CB63-7DCD-D4F37408E863</referedAttribute>
<useDomainConstraints>false</useDomainConstraints>
<use>1</use>
<logicalDatatype>LOGDT019</logicalDatatype>
<ownDataTypeParameters>,,</ownDataTypeParameters>
</Attribute>
<Attribute name="COD_REGISTRO_ENTRADA" id="26F6D8F7-C56E-59DD-F3AB-85B9C11ABF4E">
<createdBy>adrianpisabarrogarcia</createdBy>
<createdTime>2019-12-10 07:20:55 UTC</createdTime>
<generatorID>3DB3AEFA-F548-F9E7-C0DC-CF179CCEC709</generatorID>
<ownerDesignName>MER</ownerDesignName>
<engineerTo>
<item key="0560349E-6AEE-446D-6FEB-940C56FB4535" value="true"/>
</engineerTo>
<referedAttribute>331E594C-2479-FF73-3D56-05530844DD15</referedAttribute>
<useDomainConstraints>false</useDomainConstraints>
<use>1</use>
<logicalDatatype>LOGDT019</logicalDatatype>
<ownDataTypeParameters>,,</ownDataTypeParameters>
</Attribute>
</attributes>
<identifiers itemClass="oracle.dbtools.crest.model.design.logical.CandidateKey">
<identifier id="D5352B25-4309-4251-2FB5-8F4A6FDE8DBE" name="AUTORIZACION PK">
<createdBy>adrianpisabarrogarcia</createdBy>
<createdTime>2019-12-05 11:44:55 UTC</createdTime>
<ownerDesignName>MER</ownerDesignName>
<engineerTo>
<item key="0560349E-6AEE-446D-6FEB-940C56FB4535" value="true"/>
</engineerTo>
<pk>true</pk>
<usedAttributes>
<attributeRef>C5FDF19E-DE30-8A6C-5163-8F6C646FAEAE</attributeRef>
</usedAttributes>
</identifier>
</identifiers>
</Entity>