<?xml version = '1.0' encoding = 'UTF-8'?>
<Entity class="oracle.dbtools.crest.model.design.logical.Entity" directorySegmentName="seg_0" id="C49A07BD-A30A-01EB-23F3-C2787E6F2892" name="REGISTRO">
<createdBy>adrianpisabarrogarcia</createdBy>
<createdTime>2019-12-10 06:46:07 UTC</createdTime>
<ownerDesignName>MER</ownerDesignName>
<engineerTo>
<item key="0560349E-6AEE-446D-6FEB-940C56FB4535" value="true"/>
</engineerTo>
<adequatelyNormalized>NO</adequatelyNormalized>
<expectedVolumes>0</expectedVolumes>
<fwdEngineeringStrategyName>Single Table</fwdEngineeringStrategyName>
<growthPercent>0</growthPercent>
<growthType>Year</growthType>
<maxVolumes>9999999</maxVolumes>
<minVolumes>0</minVolumes>
<normalForm>Third</normalForm>
<attributes itemClass="oracle.dbtools.crest.model.design.logical.Attribute">
<Attribute name="COD_REGISTRO_ENTRADA" id="331E594C-2479-FF73-3D56-05530844DD15">
<createdBy>adrianpisabarrogarcia</createdBy>
<createdTime>2019-12-10 06:46:14 UTC</createdTime>
<ownerDesignName>MER</ownerDesignName>
<engineerTo>
<item key="0560349E-6AEE-446D-6FEB-940C56FB4535" value="true"/>
</engineerTo>
<useDomainConstraints>false</useDomainConstraints>
<use>1</use>
<logicalDatatype>LOGDT019</logicalDatatype>
<ownDataTypeParameters>,,</ownDataTypeParameters>
</Attribute>
<Attribute name="FECHA_ENTRADA" id="67A04876-B794-07B6-BA0E-B94291299384">
<createdBy>adrianpisabarrogarcia</createdBy>
<createdTime>2019-12-10 06:46:45 UTC</createdTime>
<ownerDesignName>MER</ownerDesignName>
<engineerTo>
<item key="0560349E-6AEE-446D-6FEB-940C56FB4535" value="true"/>
</engineerTo>
<useDomainConstraints>false</useDomainConstraints>
<use>1</use>
<logicalDatatype>LOGDT007</logicalDatatype>
<ownDataTypeParameters>,,</ownDataTypeParameters>
</Attribute>
<Attribute name="FECHA_SALIDA" id="EF0CF9D8-DEC0-151D-9869-293F041E07C8">
<createdBy>adrianpisabarrogarcia</createdBy>
<createdTime>2019-12-10 06:47:04 UTC</createdTime>
<ownerDesignName>MER</ownerDesignName>
<engineerTo>
<item key="0560349E-6AEE-446D-6FEB-940C56FB4535" value="true"/>
</engineerTo>
<nullsAllowed>true</nullsAllowed>
<useDomainConstraints>false</useDomainConstraints>
<use>1</use>
<logicalDatatype>LOGDT007</logicalDatatype>
<ownDataTypeParameters>,,</ownDataTypeParameters>
</Attribute>
<Attribute name="FOTO_DELANTERA" id="F47DDF7F-2684-A33A-8B80-06AB0030C1F3">
<createdBy>adrianpisabarrogarcia</createdBy>
<createdTime>2019-12-10 06:47:13 UTC</createdTime>
<ownerDesignName>MER</ownerDesignName>
<engineerTo>
<item key="0560349E-6AEE-446D-6FEB-940C56FB4535" value="true"/>
</engineerTo>
<nullsAllowed>true</nullsAllowed>
<useDomainConstraints>false</useDomainConstraints>
<use>1</use>
<logicalDatatype>LOGDT010</logicalDatatype>
<ownDataTypeParameters>,,</ownDataTypeParameters>
</Attribute>
<Attribute name="FOTO_TRASERA" id="4EEA3FC4-3B82-163E-68C3-BF7DD584D4CE">
<createdBy>adrianpisabarrogarcia</createdBy>
<createdTime>2019-12-10 06:47:21 UTC</createdTime>
<ownerDesignName>MER</ownerDesignName>
<engineerTo>
<item key="0560349E-6AEE-446D-6FEB-940C56FB4535" value="true"/>
</engineerTo>
<nullsAllowed>true</nullsAllowed>
<useDomainConstraints>false</useDomainConstraints>
<use>1</use>
<logicalDatatype>LOGDT010</logicalDatatype>
<ownDataTypeParameters>,,</ownDataTypeParameters>
</Attribute>
<Attribute name="FOTO_LATERAL_IZQ" id="B06468BC-827B-FA51-DAD0-7E924028C390">
<createdBy>adrianpisabarrogarcia</createdBy>
<createdTime>2019-12-10 06:47:30 UTC</createdTime>
<ownerDesignName>MER</ownerDesignName>
<engineerTo>
<item key="0560349E-6AEE-446D-6FEB-940C56FB4535" value="true"/>
</engineerTo>
<nullsAllowed>true</nullsAllowed>
<useDomainConstraints>false</useDomainConstraints>
<use>1</use>
<logicalDatatype>LOGDT010</logicalDatatype>
<ownDataTypeParameters>,,</ownDataTypeParameters>
</Attribute>
<Attribute name="FOTO_LATERAL_DER" id="6030DCC8-C8C7-BAFD-0DD9-B72A5E47F784">
<createdBy>adrianpisabarrogarcia</createdBy>
<createdTime>2019-12-10 06:47:39 UTC</createdTime>
<ownerDesignName>MER</ownerDesignName>
<engineerTo>
<item key="0560349E-6AEE-446D-6FEB-940C56FB4535" value="true"/>
</engineerTo>
<nullsAllowed>true</nullsAllowed>
<useDomainConstraints>false</useDomainConstraints>
<use>1</use>
<logicalDatatype>LOGDT010</logicalDatatype>
<ownDataTypeParameters>,,</ownDataTypeParameters>
</Attribute>
<Attribute name="COD_VEHICULO" id="AA2AB1C1-B6B1-50DF-0135-6BE5463E924E">
<createdBy>adrianpisabarrogarcia</createdBy>
<createdTime>2019-12-10 06:48:47 UTC</createdTime>
<generatorID>D3B9C83F-F962-D14F-3008-2B28D5899718</generatorID>
<ownerDesignName>MER</ownerDesignName>
<engineerTo>
<item key="0560349E-6AEE-446D-6FEB-940C56FB4535" value="true"/>
</engineerTo>
<referedAttribute>6B78A458-CAEE-CB63-7DCD-D4F37408E863</referedAttribute>
<useDomainConstraints>false</useDomainConstraints>
<use>1</use>
<logicalDatatype>LOGDT019</logicalDatatype>
<ownDataTypeParameters>,,</ownDataTypeParameters>
</Attribute>
<Attribute name="COD_AUTORIZACION" id="1203C62B-B23D-9036-8D10-AB1011BAC2CC">
<createdBy>adrianpisabarrogarcia</createdBy>
<createdTime>2019-12-10 07:20:59 UTC</createdTime>
<generatorID>3DB3AEFA-F548-F9E7-C0DC-CF179CCEC709</generatorID>
<ownerDesignName>MER</ownerDesignName>
<engineerTo>
<item key="0560349E-6AEE-446D-6FEB-940C56FB4535" value="true"/>
</engineerTo>
<referedAttribute>C5FDF19E-DE30-8A6C-5163-8F6C646FAEAE</referedAttribute>
<useDomainConstraints>false</useDomainConstraints>
<use>1</use>
<logicalDatatype>LOGDT019</logicalDatatype>
<ownDataTypeParameters>,,</ownDataTypeParameters>
</Attribute>
</attributes>
<identifiers itemClass="oracle.dbtools.crest.model.design.logical.CandidateKey">
<identifier id="B53F2DCC-F57F-AFAF-3E1A-38AE63D809FF" name="REGISTRO PK">
<createdBy>adrianpisabarrogarcia</createdBy>
<createdTime>2019-12-10 06:46:43 UTC</createdTime>
<ownerDesignName>MER</ownerDesignName>
<engineerTo>
<item key="0560349E-6AEE-446D-6FEB-940C56FB4535" value="true"/>
</engineerTo>
<pk>true</pk>
<usedAttributes>
<attributeRef>331E594C-2479-FF73-3D56-05530844DD15</attributeRef>
</usedAttributes>
</identifier>
</identifiers>
</Entity>