<?xml version = '1.0' encoding = 'UTF-8'?>
<Entity class="oracle.dbtools.crest.model.design.logical.Entity" directorySegmentName="seg_0" id="D20322D3-1FFB-21F0-D0EC-B79066A48D78" name="ORDEN">
<createdBy>adrianpisabarrogarcia</createdBy>
<createdTime>2019-12-05 11:40:27 UTC</createdTime>
<ownerDesignName>MER</ownerDesignName>
<engineerTo>
<item key="0560349E-6AEE-446D-6FEB-940C56FB4535" value="true"/>
</engineerTo>
<adequatelyNormalized>NO</adequatelyNormalized>
<expectedVolumes>0</expectedVolumes>
<fwdEngineeringStrategyName>Single Table</fwdEngineeringStrategyName>
<growthPercent>0</growthPercent>
<growthType>Year</growthType>
<maxVolumes>9999999</maxVolumes>
<minVolumes>0</minVolumes>
<normalForm>Third</normalForm>
<attributes itemClass="oracle.dbtools.crest.model.design.logical.Attribute">
<Attribute name="COD_ORDEN" id="27F86E94-1DAD-8A47-1113-03E5CE8268AD">
<createdBy>adrianpisabarrogarcia</createdBy>
<createdTime>2019-12-05 11:40:31 UTC</createdTime>
<ownerDesignName>MER</ownerDesignName>
<engineerTo>
<item key="0560349E-6AEE-446D-6FEB-940C56FB4535" value="true"/>
</engineerTo>
<useDomainConstraints>false</useDomainConstraints>
<use>1</use>
<logicalDatatype>LOGDT019</logicalDatatype>
<ownDataTypeParameters>,,</ownDataTypeParameters>
</Attribute>
<Attribute name="OBSERVACIONES" id="F823A420-EA8B-56FC-5157-D852A19B1DFD">
<createdBy>adrianpisabarrogarcia</createdBy>
<createdTime>2019-12-05 11:40:38 UTC</createdTime>
<ownerDesignName>MER</ownerDesignName>
<engineerTo>
<item key="0560349E-6AEE-446D-6FEB-940C56FB4535" value="true"/>
</engineerTo>
<useDomainConstraints>false</useDomainConstraints>
<use>1</use>
<logicalDatatype>LOGDT024</logicalDatatype>
<ownDataTypeParameters>,,</ownDataTypeParameters>
</Attribute>
<Attribute name="FECHA_COMIENZO" id="CFFA262C-E625-0D76-AEEA-9BACF770917C">
<createdBy>adrianpisabarrogarcia</createdBy>
<createdTime>2019-12-05 11:40:57 UTC</createdTime>
<ownerDesignName>MER</ownerDesignName>
<engineerTo>
<item key="0560349E-6AEE-446D-6FEB-940C56FB4535" value="true"/>
</engineerTo>
<useDomainConstraints>false</useDomainConstraints>
<use>1</use>
<logicalDatatype>LOGDT008</logicalDatatype>
<ownDataTypeParameters>,,</ownDataTypeParameters>
</Attribute>
<Attribute name="FECHA_FIN" id="2EB46674-543C-2C95-195E-8FB711F9EC84">
<createdBy>adrianpisabarrogarcia</createdBy>
<createdTime>2019-12-05 11:41:10 UTC</createdTime>
<ownerDesignName>MER</ownerDesignName>
<engineerTo>
<item key="0560349E-6AEE-446D-6FEB-940C56FB4535" value="true"/>
</engineerTo>
<useDomainConstraints>false</useDomainConstraints>
<use>1</use>
<logicalDatatype>LOGDT008</logicalDatatype>
<ownDataTypeParameters>,,</ownDataTypeParameters>
</Attribute>
<Attribute name="COD_VEHICULO" id="4E4A2A2C-B771-0175-DC97-686219F68BA9">
<createdBy>adrianpisabarrogarcia</createdBy>
<createdTime>2019-12-05 11:58:12 UTC</createdTime>
<generatorID>D71D146B-3732-8BB6-A87E-4ECAD1ED762D</generatorID>
<ownerDesignName>MER</ownerDesignName>
<engineerTo>
<item key="0560349E-6AEE-446D-6FEB-940C56FB4535" value="true"/>
</engineerTo>
<referedAttribute>6B78A458-CAEE-CB63-7DCD-D4F37408E863</referedAttribute>
<useDomainConstraints>false</useDomainConstraints>
<use>1</use>
<logicalDatatype>LOGDT019</logicalDatatype>
<ownDataTypeParameters>,,</ownDataTypeParameters>
</Attribute>
<Attribute name="COD_OPERACION" id="8C3B57B2-26B5-7B48-BEA0-63CB353AF7DD">
<createdBy>adrianpisabarrogarcia</createdBy>
<createdTime>2019-12-05 12:01:21 UTC</createdTime>
<generatorID>FFB12CAE-CEA8-1315-0985-AFF23C760B7C</generatorID>
<ownerDesignName>MER</ownerDesignName>
<engineerTo>
<item key="0560349E-6AEE-446D-6FEB-940C56FB4535" value="true"/>
</engineerTo>
<referedAttribute>08F02B78-AF15-1F91-A71D-9987F1012519</referedAttribute>
<useDomainConstraints>false</useDomainConstraints>
<use>1</use>
<logicalDatatype>LOGDT019</logicalDatatype>
<ownDataTypeParameters>,,</ownDataTypeParameters>
</Attribute>
<Attribute name="COD_CATEGORIA" id="36563E44-29E4-C44E-FC60-E8C1B254A16D">
<createdBy>adrianpisabarrogarcia</createdBy>
<createdTime>2019-12-10 10:45:31 UTC</createdTime>
<generatorID>FFB12CAE-CEA8-1315-0985-AFF23C760B7C</generatorID>
<ownerDesignName>MER</ownerDesignName>
<engineerTo>
<item key="0560349E-6AEE-446D-6FEB-940C56FB4535" value="true"/>
</engineerTo>
<referedAttribute>5A3E05CA-B31A-9839-2979-EA164921FEFE</referedAttribute>
<useDomainConstraints>false</useDomainConstraints>
<use>1</use>
<logicalDatatype>LOGDT019</logicalDatatype>
<ownDataTypeParameters>,,</ownDataTypeParameters>
</Attribute>
</attributes>
<identifiers itemClass="oracle.dbtools.crest.model.design.logical.CandidateKey">
<identifier id="F5E6A694-25D1-F200-F93E-8988A23E58B1" name="ORDEN PK">
<createdBy>adrianpisabarrogarcia</createdBy>
<createdTime>2019-12-05 11:40:37 UTC</createdTime>
<ownerDesignName>MER</ownerDesignName>
<engineerTo>
<item key="0560349E-6AEE-446D-6FEB-940C56FB4535" value="true"/>
</engineerTo>
<pk>true</pk>
<usedAttributes>
<attributeRef>27F86E94-1DAD-8A47-1113-03E5CE8268AD</attributeRef>
</usedAttributes>
</identifier>
</identifiers>
</Entity>